Year,Africa Eastern and Southern,Afghanistan,Africa Western and Central,Angola,Albania,Arab World,United Arab Emirates,Argentina,Armenia,Australia,Austria,Azerbaijan,Burundi,Belgium,Benin,Burkina Faso,Bangladesh,Bulgaria,Bahrain,"Bahamas, The",Bosnia and Herzegovina,Belarus,Belize,Bolivia,Brazil,Barbados,Brunei Darussalam,Bhutan,Botswana,Central African Republic,Canada,Central Europe and the Baltics,Switzerland,Channel Islands,Chile,China,Cote d'Ivoire,Cameroon,"Congo, Dem. Rep.","Congo, Rep.",Colombia,Comoros,Cabo Verde,Costa Rica,Caribbean small states,Cuba,Cyprus,Czech Republic,Germany,Djibouti,Denmark,Dominican Republic,Algeria,East Asia & Pacific (excluding high income),Early-demographic dividend,East Asia & Pacific,Europe & Central Asia (excluding high income),Europe & Central Asia,Ecuador,"Egypt, Arab Rep.",Euro area,Eritrea,Spain,Estonia,Ethiopia,European Union,Fragile and conflict affected situations,Finland,Fiji,France,Gabon,United Kingdom,Georgia,Ghana,Guinea,"Gambia, The",Guinea-Bissau,Equatorial Guinea,Greece,Guatemala,Guam,Guyana,High income,"Hong Kong SAR, China",Honduras,Heavily indebted poor countries (HIPC),Croatia,Haiti,Hungary,IBRD only,IDA & IBRD total,IDA total,IDA blend,Indonesia,IDA only,India,Ireland,"Iran, Islamic Rep.",Iraq,Iceland,Israel,Italy,Jamaica,Jordan,Japan,Kazakhstan,Kenya,Kyrgyz Republic,Cambodia,"Korea, Rep.",Kuwait,Latin America & Caribbean (excluding high income),Lao PDR,Lebanon,Liberia,Libya,St. Lucia,Latin America & Caribbean,Least developed countries: UN classification,Low income,Sri Lanka,Lower middle income,Low & middle income,Lesotho,Late-demographic dividend,Lithuania,Luxembourg,Latvia,"Macao SAR, China",Morocco,Moldova,Madagascar,Maldives,Middle East & North Africa,Mexico,Middle income,North Macedonia,Mali,Malta,Myanmar,Middle East & North Africa (excluding high income),Montenegro,Mongolia,Mozambique,Mauritania,Mauritius,Malawi,Malaysia,North America,Namibia,New Caledonia,Niger,Nigeria,Nicaragua,Netherlands,Norway,Nepal,New Zealand,OECD members,Oman,Other small states,Pakistan,Panama,Peru,Philippines,Papua New Guinea,Poland,Pre-demographic dividend,Puerto Rico,"Korea, Dem. People's Rep.",Portugal,Paraguay,West Bank and Gaza,Pacific island small states,Post-demographic dividend,French Polynesia,Qatar,Romania,Russian Federation,Rwanda,South Asia,Saudi Arabia,Sudan,Senegal,Singapore,Solomon Islands,Sierra Leone,El Salvador,Somalia,Serbia,Sub-Saharan Africa (excluding high income),South Sudan,Sub-Saharan Africa,Small states,Sao Tome and Principe,Suriname,Slovak Republic,Slovenia,Sweden,Eswatini,Syrian Arab Republic,Chad,East Asia & Pacific (IDA & IBRD countries),Europe & Central Asia (IDA & IBRD countries),Togo,Thailand,Tajikistan,Turkmenistan,Latin America & the Caribbean (IDA & IBRD countries),Timor-Leste,Middle East & North Africa (IDA & IBRD countries),Tonga,South Asia (IDA & IBRD),Sub-Saharan Africa (IDA & IBRD countries),Trinidad and Tobago,Tunisia,Turkiye,Tanzania,Uganda,Ukraine,Upper middle income,Uruguay,United States,Uzbekistan,St. Vincent and the Grenadines,"Venezuela, RB",Virgin Islands (U.S.),Vietnam,Vanuatu,World,Samoa,"Yemen, Rep.",South Africa,Zambia,Zimbabwe
1991,7.8,10.65,4.42,4.21,10.31,11.62,1.87,5.44,1.6,9.58,3.42,0.9,1.51,6.99,1.49,2.58,2.2,11.1,1.01,12.17,17.55,0.6,9.7,2.96,6.31,22.67,4.7,1.41,13.82,5.62,10.32,9.25,1.78,5.96,5.23,2.37,6.61,7.5,2.93,20.07,10.12,5.11,11.27,5.37,16.05,7.9,3,2.27,5.32,29.36,9.1,6.35,20.6,2.4,5.36,2.45,4.99,6.91,4.37,9.38,8.25,5.32,15.93,1.47,3.08,8.5,4.58,6.5,4.06,9.13,17.78,8.55,2.7,3.49,4.45,8.83,6.19,8.13,7.66,2.59,3.51,11.93,6.75,1.8,4.58,4.88,11.14,7.51,8.5,4.55,4.41,3.67,3.06,2.62,3.93,5.6,15.78,11.1,9.13,2.55,13.39,10.1,15.74,19.51,2.1,0.9,3.12,1,0.73,2.41,0.88,5.84,2.53,8.37,2.23,19.85,16.91,6.12,3.85,4.75,14.66,4.75,4.26,36.12,3.62,1.1,1.48,2.7,3.01,12.6,1.9,4.95,0.89,11.13,3.15,4.22,24.5,3.52,6.15,0.75,11.86,25.42,6.39,2.71,9.93,9.63,5.61,3.65,7.16,19.14,18.07,1.35,4.12,6.93,7.28,5.41,1.77,10.61,6.76,4.01,11.71,0.62,3.73,4.56,3.78,2.54,12.98,5.16,16.18,2.3,3.92,5.1,11.6,2.75,6.3,11.97,0.81,8.07,5.41,0.3,5.02,7.07,15.55,5.57,2.18,1.32,3.46,7.53,19.19,13.33,6.51,11.91,6.51,12.27,14.38,17.07,11.58,7.08,3.24,21.81,6.75,0.68,2.4,5.97,3.66,2.63,1.9,1.4,5.99,3.54,11.86,1.31,5.02,6.51,18.52,15.65,8.21,3.6,0.94,1.9,3.82,8.95,6.8,1.9,19.77,9.45,12.35,2.09,1.68,4.8,2.1,8.32,29.95,18.9,4.94
1992,7.84,10.82,4.53,4.21,30.01,12.12,1.84,6.36,1.8,10.73,3.59,1.8,1.53,6.7,1.51,2.61,2.33,15.3,1.05,14.81,18.3,3.1,9.69,3.26,6.42,22.94,4.86,1.45,16.3,5.69,11.2,10.13,2.81,6.4,4.35,2.37,6.7,7.61,2.94,20.05,9.44,4.99,11.21,3.93,16.45,8.06,2.09,2.6,6.32,29.2,9.03,6.2,24.38,2.36,5.49,2.43,5.4,7.5,4.53,8.92,8.89,5.54,17.7,3.68,3.1,9.23,4.53,11.6,3.88,10.21,17.87,9.78,5.4,4.7,4.46,8.86,6.3,8.27,7.84,2.57,3.84,11.9,7.32,1.96,3.06,4.97,11.01,7.59,9.94,4.61,4.47,3.75,3.16,2.73,4.01,5.73,15.03,10.83,8.91,4.31,14.08,9.33,15.75,19.27,2.2,1,3.12,1.1,0.75,2.51,0.81,5.9,2.51,8.36,2.2,20.02,16.73,6.08,3.9,4.82,14.22,4.84,4.33,36.39,3.62,1.2,2.03,6.6,2.2,12.99,3.7,4.99,0.86,11.52,3.24,4.29,26.3,3.54,6.16,0.66,12.14,25.59,6.42,2.76,9.92,9.6,5.71,3.71,7.88,19.21,18.46,1.35,4.09,6.97,5.56,5.91,1.71,10.67,7.27,4.01,12.3,0.66,3.76,4.72,3.75,2.49,13.65,5.18,16.93,2.31,3.98,4.98,11.31,2.66,6.92,12.2,0.81,8.26,5.18,0.34,5.12,7.2,15.56,5.59,3.09,1.25,3.51,7.88,19.27,12.94,6.58,11.95,6.58,12.77,14.39,17.28,11.87,7.68,5.72,21.76,7.03,0.68,2.36,6.37,3.71,1.35,2.1,1.5,5.93,3.53,12.14,1.38,5.12,6.58,19.66,15.58,8.51,3.56,0.92,1.9,3.87,8.96,7.5,2.9,19.69,7.69,12.51,1.91,1.69,4.96,2.38,8.31,29.98,19.37,4.99
1993,7.85,10.72,4.55,4.23,25.26,12.86,1.85,10.1,5.3,10.87,4.25,4.5,1.56,8.08,1.41,2.58,2.36,16.4,1.01,12.72,19.32,8.5,9.78,3.08,6.03,24.54,4.82,1.41,18.76,5.72,11.38,11.53,3.72,7.38,4.49,2.69,5.85,7.8,2.94,20.07,7.8,4.99,11.19,3.95,16.62,8.28,2.7,4.32,7.68,29.19,10.72,6.27,26.23,2.61,5.64,2.69,6.16,8.67,4.56,10.92,10.68,5.73,22.16,6.54,3.05,10.82,4.52,16.2,3.96,11.32,17.78,10.35,5.4,5.27,4.45,8.9,6.35,8.37,8.61,2.61,5.53,11.88,7.85,1.96,3.12,4.99,10.68,7.55,12.1,4.85,4.68,3.85,3.32,2.78,4.08,5.69,15.59,10.44,8.89,5.26,12.74,10.24,16.32,19.7,2.5,1.11,3.1,3.4,0.8,2.88,0.8,5.96,2.55,8.44,2.17,20,16.8,6.09,3.92,4.87,13.82,4.94,4.54,36.74,3.88,13.8,2.33,16.7,2.06,13.1,3.7,5.08,0.84,12.06,3.37,4.52,27.7,3.47,6.18,0.7,12.83,25.8,6.27,2.69,9.88,9.61,5.64,4.11,7.35,19.38,18.5,1.38,4.1,7.05,6.29,5.97,1.72,9.8,7.75,4.07,13.01,0.56,3.8,4.5,3.7,2.43,14.39,5.18,16.91,2.42,5.3,5.06,11.29,2.75,7.5,12.22,0.81,8.36,5.88,0.41,5.08,6.85,15.56,5.59,3.07,1.4,3.46,9.94,19.16,12.82,6.6,11.98,6.6,13.3,14.39,15.64,12.2,8.51,9.33,21.73,7.4,0.7,2.62,7.09,3.79,1.49,6.2,1.5,5.94,3.52,12.84,1.3,5.08,6.6,19.81,15.83,8.96,3.5,1.16,2,4.19,8.35,6.9,4.9,19.74,6.6,12.7,1.97,1.73,5.23,2.63,8.35,29.92,19.7,4.97
1994,7.84,10.73,4.54,4.16,20.84,12.95,1.81,11.76,6.6,9.72,3.54,6.3,1.56,9.65,1.36,2.58,2.38,12.8,1.11,13.83,20.71,12.8,11.1,3.08,6.17,22.98,5.03,1.43,21.2,5.72,10.4,11.37,3.88,7.57,5.87,2.9,4.99,7.81,2.92,20.09,8.25,5,11.12,4.05,15.78,8.14,2.7,4.3,8.73,29.02,8.04,6.36,27.74,2.91,5.95,2.96,7.78,9.67,4.44,10.93,11.76,5.9,24.21,7.56,3.1,11.5,4.64,16.43,3.9,12.59,17.72,9.65,8.4,5.86,4.47,8.95,6.36,8.43,8.86,2.62,7.6,11.86,7.85,1.9,3.25,5,10.63,7.61,10.85,5.22,5.01,3.95,3.54,4.37,4.13,5.74,14.57,10.05,8.97,5.33,9.93,11.09,15.34,17.17,2.9,7.54,3.08,4.7,1.33,2.48,0.7,6.35,2.47,8.49,2.15,19.91,17,6.55,3.94,4.9,13.03,5.16,4.86,36.98,4.26,13.8,3.48,18.7,2.48,12.94,5.8,5.19,0.81,11.98,4.44,4.86,30,3.43,6.2,0.69,12.87,26.72,6.14,2.71,9.93,9.6,5.76,3.65,6.55,19.4,18.38,1.38,4.09,7.01,7.16,5.35,1.89,8.35,7.83,4.11,13.41,0.59,3.81,4.25,3.63,2.65,14.83,5.13,14.6,2.54,6.71,4.41,11.15,2.74,7.51,12.13,0.82,8.17,8.13,0.47,5.12,6.41,15.56,5.61,3.03,1.36,3.47,7.68,19.33,13.4,6.59,12.02,6.59,13.36,14.37,12.7,13.65,8.24,9.58,21.71,7.5,0.69,2.92,8.47,3.7,1.35,8.8,4.7,6.44,3.54,12.89,1.66,5.12,6.59,18.44,15.86,8.58,3.44,1.42,2,4.62,9.04,6.12,7.3,20.19,8.56,12.47,1.93,1.59,5.49,3.04,8.34,29.89,18.43,4.96
1995,7.83,11.18,4.53,4.11,14.61,13.32,1.8,18.8,6.7,8.47,4.35,7.2,1.58,9.34,1.25,2.53,2.48,11.1,1.08,10.83,21.77,17.7,12.48,2.75,6.42,19.66,5.18,1.45,21.37,5.7,9.49,10.84,3.33,7.3,4.7,3,4.1,7.93,2.9,20,8.72,4.91,11.12,5.18,15.36,8.27,2.6,4.02,8.16,28.94,6.99,6.33,31.84,2.99,6.27,3.03,9.12,9.96,4.59,11.04,11.44,6.04,22.67,9.66,3.21,11.06,5.2,17,3.94,11.84,17.63,8.69,7.6,6.44,4.48,8.97,6.34,8.47,9.06,2.61,7.9,11.88,7.45,3.22,3.24,4.98,10.17,7.26,10.17,5.53,5.27,3.99,3.63,4.6,4.15,5.76,11.98,9.57,8.96,5.2,8.78,11.67,16.23,14.6,3.2,10.98,3.06,5.6,0.78,2.06,0.7,7.6,2.6,8.52,2.09,20.03,15.83,7.72,3.95,4.91,12.27,5.33,5.14,37.34,4.41,17.54,2.92,19,3.58,13.53,5.3,5.28,0.79,12.2,7.1,5.16,35.6,3.4,6.22,0.69,13.33,27.55,6.05,2.73,9.83,9.59,5.63,3.15,6.03,21.06,18.15,1.39,4.06,7,7.16,6.31,1.74,6.46,7.61,4.1,13.86,0.6,3.79,4.48,3.63,2.84,13.7,5.08,13.93,2.55,7.06,3.4,11.1,2.8,7.39,12.1,0.82,8.01,9.45,0.5,5.13,6,15.46,5.57,3.3,1.36,3.48,7.65,19.14,13.4,6.58,12,6.58,13.57,14.38,8.39,13.11,7.15,8.9,21.65,7.2,0.72,3,9.47,3.76,1.1,10.3,8.3,7.65,3.53,13.34,1.98,5.13,6.58,17.22,15.94,7.64,3.36,1.65,5.62,5.01,10.02,5.65,7.8,19.99,10.24,12.13,1.9,1.74,5.63,3.19,8.96,29.89,16.81,5.63
1996,7.84,10.96,4.57,4.1,13.93,12.38,1.9,17.11,9.3,8.51,5.28,8.1,1.59,9.48,1.18,2.47,2.51,12.5,1.08,11.46,22.77,24.4,13.82,2.44,7.25,14.71,5.24,1.42,21.59,5.74,9.62,10.18,3.71,7.23,7.41,3.12,4.09,8.06,2.9,19.98,11.81,4.9,11.11,6.16,15.01,7.61,3.1,3.89,8.82,28.84,6.84,6.34,28.53,3.1,6.16,3.15,10.06,10.32,4.65,9,11.67,6.07,22.14,9.92,3.31,11.1,5.53,15.57,3.9,12.37,17.58,8.19,11.5,7.02,4.49,8.99,6.39,8.53,9.66,2.68,8.28,11.84,7.42,2.83,4.37,5,9.68,7.3,10.02,5.63,5.36,4.12,3.88,4.86,4.22,5.74,11.72,9.1,8.87,3.6,8.46,11.87,16.01,13.7,3.4,12.96,3.05,7.3,0.84,2.05,0.7,7.82,2.49,8.49,2.05,19.83,16.33,8.07,3.96,4.92,11.35,5.36,5.24,37.59,4.59,16.4,3.29,20.7,4.25,13.17,7.9,5.37,1.03,11.28,5.47,5.26,38.8,3.33,6.24,0.7,12.3,27.91,6.16,2.7,9.84,9.5,5.7,2.52,5.86,22.77,18.64,1.42,4.03,7.05,6.42,5.04,1.82,6.29,7.55,4.13,14.11,0.6,3.78,4.72,3.59,2.65,12.68,5.05,13.64,2.6,7.3,8.15,11.03,2.87,7.56,12.07,0.83,6.74,9.67,0.56,5.09,5.56,15.42,5.6,3.57,1.53,3.45,7.68,19.1,13.2,6.6,12.01,6.6,13.66,14.39,10.88,11.34,6.91,9.55,22.08,7.29,0.73,3.11,10.09,3.79,1.07,13.4,10.3,8.03,3.51,12.31,2.49,5.09,6.6,16.25,15.83,6.63,3.29,1.92,7.65,5.18,11.93,5.45,10.7,20.38,11.77,12.21,1.93,1.72,5.7,3.47,9.59,29.87,15.3,6.25
1997,7.86,10.78,4.6,4.09,16.88,11.95,1.98,14.82,10.8,8.36,5.15,9.1,1.57,8.96,1.1,2.47,2.69,13.7,1.09,9.76,23.61,17.1,12.68,2.08,8.16,14.61,5.19,1.4,21.17,5.76,9.1,9.16,4.2,7.01,7.14,3.23,4.11,7.93,2.91,20.01,12.14,4.83,11.08,5.68,14.85,7.1,3.4,4.27,9.86,28.7,5.4,6.31,25.43,3.2,5.98,3.24,11.1,10.55,4.51,8.37,11.67,6.08,20.7,10.37,3.47,10.87,5.68,14.97,4.03,12.57,17.48,7.07,11.5,7.61,4.49,9,6.41,8.56,9.58,2.65,9.67,11.84,7.13,2.22,3.32,4.99,9.71,7.28,8.99,5.69,5.42,4.15,3.88,4.68,4.27,5.61,10.2,9.78,8.77,3.72,9.75,12,16.35,13.69,3.4,13.01,3.06,7.5,0.91,2.61,0.7,7.67,2.38,8.62,2.05,19.83,20.47,7.89,4,4.94,10.6,5.35,5.32,37.94,4.85,14.13,2.53,14.9,3.26,13.71,7.9,5.47,1.27,11.07,4.24,5.35,36,3.3,6.26,0.71,12.04,27.96,6.12,2.7,9.89,9.43,5.73,2.45,5.41,24.45,18.26,1.43,4.01,7.17,5.51,4.69,1.83,6.86,7.25,4.09,14.34,0.54,3.77,4.59,3.62,2.89,10.96,5.01,13.8,2.68,6.57,5.36,10.83,2.99,7.36,11.93,0.83,5.51,11.81,0.61,4.98,5.15,15.33,5.6,2.5,1.61,3.47,7.98,19.14,13.8,6.63,12,6.63,13.78,14.39,10.56,11.89,6.65,10.36,22.5,7.39,0.75,3.21,10.73,3.81,0.87,13.9,11,7.86,3.56,12.05,2.89,4.98,6.63,15.01,15.94,6.84,3.24,2.21,8.93,5.34,11.44,5,10.9,20.44,11.16,12.12,2.87,1.68,5.7,3.9,10.2,29.91,13.64,6.93
1998,7.81,10.8,4.66,4.07,20.05,11.97,2.14,12.65,9.4,7.68,5.52,10,1.56,9.32,1.02,2.44,2.9,12.2,1.08,7.65,24.49,14,14.31,2.13,9.42,12.4,5.33,1.4,20.86,5.71,8.28,8.95,3.6,6.57,7.31,3.24,4.1,7.82,2.9,19.96,15,4.81,11.05,5.33,14.14,6.23,3.3,5.9,9.79,28.58,5.04,6.36,26.66,3.37,6.1,3.53,12.23,10.74,4.61,8.03,11.19,6.01,18.67,9.51,3.62,10.44,5.95,13.21,3.95,12.07,17.43,6.2,14.53,8.2,4.52,9.04,6.35,8.5,10.84,2.65,7.74,11.89,7.05,4.58,4.02,5.02,11.39,7.25,8.93,5.92,5.63,4.27,4.05,5.46,4.37,5.67,7.7,10.38,8.76,3.07,10.75,12.12,15.5,13.7,4.1,13.13,3.03,8.9,0.94,6.96,0.7,8.1,2.42,8.49,2.05,19.79,21.6,8.26,4.05,5,9.17,5.54,5.54,37.16,5.13,13.71,2.76,14.46,4.61,13.61,10,5.57,1.5,11.23,3.73,5.58,34.5,4.05,6.28,0.71,12.23,28.12,6.14,2.74,9.83,9.35,5.75,3.2,4.89,23.08,18.42,1.41,4,7.24,4.39,3.74,1.78,7.72,7.22,4.14,14.06,0.56,3.77,4.95,3.81,2.9,9.94,4.99,13.46,2.83,4.65,4.42,10.72,2.99,7.38,11.61,0.83,5.63,13.26,0.68,5.02,4.72,15.35,5.58,3.41,1.59,3.45,7.1,19.08,13.7,6.62,12.05,6.62,13.42,14.37,10.63,12.19,7.39,8.94,23.08,7.45,0.76,3.37,11.61,3.91,3.4,16.5,12.2,8.26,3.61,12.24,3.24,5.02,6.62,14.21,15.61,6.89,3.19,2.47,11.32,5.61,9.36,4.51,13.3,20.57,11.15,11.86,2.29,1.76,5.86,4.18,10.81,29.95,12,6.46
1999,7.79,10.81,4.86,4.05,20.84,12.11,2.22,14.05,11.2,6.87,4.7,10.9,1.58,8.65,0.94,2.51,3.06,14.1,1.09,7.45,25.09,12.8,12.84,2.44,10.21,10.61,5.57,1.4,18.29,5.68,7.58,10.39,3.15,6.24,11.16,3.25,4.34,7.7,2.9,19.99,20.06,4.77,11.03,5.9,13.93,6.26,5.7,8.49,8.86,28.43,5.14,6.39,28.3,3.45,6.3,3.63,12.37,10.64,5.18,7.95,10.44,5.95,15.48,11.57,3.71,10.18,6.16,11.69,3.79,11.98,17.49,6.04,13.8,10.1,4.53,9.05,6.32,8.49,11.85,2.7,13.95,11.84,6.92,6.25,3.85,5.16,13.56,7.2,6.93,6.16,5.83,4.33,4,6.36,4.48,5.74,5.8,11.02,8.75,2.18,11.18,11.69,15.74,13.71,4.7,13.46,3.02,8.4,0.9,6.34,0.7,8.79,2.11,8.44,2.08,19.75,18.09,9.14,4.12,5.11,8.88,5.71,5.7,36.35,5.36,13.39,2.39,13.79,6.35,13.94,11.14,5.68,1.74,11.5,2.6,5.74,32.4,4.82,6.3,0.67,12.55,27.59,6.16,2.77,9.81,9.3,5.77,3.43,4.56,21.69,17.83,1.47,3.99,7.21,3.62,3.25,1.85,7.02,7.18,4.18,13.97,0.57,3.82,4.9,3.69,2.82,12.29,5.02,11.81,2.97,4.58,5.34,10.64,2.96,7.11,11.71,0.84,6.24,13.04,0.74,5.07,4.35,15.31,5.58,4.85,1.66,3.45,6.68,19.06,13.7,6.69,12.06,6.69,13.3,14.37,13.6,15.95,7.32,7.61,23.65,7.6,0.79,3.46,12.01,3.93,2.97,15.4,12.7,9.18,3.93,12.57,3.58,5.07,6.69,13.12,15.21,7.69,3.12,2.71,11.86,5.76,10.47,4.22,13.3,20.77,14.53,11.5,2.33,1.78,5.97,4.48,11.46,29.91,12.44,6
2000,7.72,10.81,4.92,4.03,19.03,12.6,2.25,15,11.05,6.28,4.69,11.78,1.59,6.59,0.85,2.61,3.27,16.22,1.08,7.2,25.78,12.26,10.85,2.38,9.56,9.35,5.68,1.59,15.88,5.61,6.83,12.43,2.67,5.66,10.49,3.26,4.58,7.59,2.9,19.9,20.52,4.68,10.98,5.08,13.38,5.45,4.97,8.76,7.92,28.34,4.48,6.43,29.77,3.41,6.24,3.54,10.97,9.82,4.8,8.98,9.43,5.88,13.79,13.36,3.51,9.83,6.14,11.13,3.99,10.22,17.34,5.56,10.82,10.46,4.55,9.08,6.25,8.45,11.25,2.72,15.32,11.86,6.53,4.92,3.84,5.22,16.06,8.4,6.56,6.02,5.72,4.36,3.86,6.08,4.59,5.56,4.32,11.57,8.73,1.94,11.1,10.84,15.54,13.7,4.75,12.75,3.02,7.54,0.97,4.06,0.8,8.7,2.06,8.31,2.08,19.67,16.49,9.01,4.18,5.2,7.74,5.63,5.54,35.46,5.18,15.93,2.35,14.21,6.87,13.58,8.46,5.8,1.97,12.04,2.65,5.57,32.2,5.63,6.32,0.65,13.18,28.59,6.23,2.85,9.85,9.18,5.79,3,4.28,20.3,17.48,1.49,3.95,7.35,2.73,3.46,1.86,6.13,6.78,4.09,13.66,0.58,3.81,4.88,3.65,2.92,16.31,5.06,10.08,2.93,3.81,7.61,10.63,3.18,6.53,11.67,0.84,6.97,10.58,0.79,4.93,4.57,15.23,5.61,3.7,2.03,3.43,6.96,19.05,12.6,6.67,12.06,6.67,12.97,14.4,12.74,19.06,6.92,5.47,24.24,9.6,0.81,3.41,11.25,3.98,2.39,15.13,11.54,9.08,3.41,13.2,4.08,4.93,6.67,12.1,14.94,6.5,3.06,3.03,11.71,5.52,12.63,3.99,12.23,20.95,13.99,11.11,2.26,1.69,5.77,4.66,11.56,29.88,12.93,5.69
2001,7.73,10.81,4.87,4,18.58,12.47,2.49,17.32,10.91,6.74,4.01,10.91,1.59,6.18,0.77,2.65,3.62,19.92,1.11,6.87,26.61,11.55,9.07,2.48,9.61,9.85,5.78,1.9,18.54,5.69,7.22,13.22,2.49,5.32,10.39,3.8,4.8,7.46,2.89,19.91,15.04,4.69,11.01,5.92,12.79,4.08,3.98,7.99,7.77,28.22,4.16,7.26,27.3,3.83,6.33,3.94,10.28,9.11,4.25,9.26,8.35,5.77,10.35,13.13,3.3,9.19,6.08,10.29,3.91,8.61,17.23,4.7,11.16,9.5,4.55,9.11,6.3,8.57,10.46,2.78,13.21,11.81,6.5,5.09,4,5.18,15.82,9.63,5.67,6.18,5.85,4.37,3.73,6.08,4.66,5.58,3.68,12.28,8.81,1.87,11.81,9.6,14.93,14.7,5.02,10.43,2.99,7.84,1.03,3.7,0.8,8.39,1.94,8.19,2.13,19.7,18.52,8.7,4.24,5.25,7.9,5.62,5.67,34.63,5.37,16.84,1.81,13.82,6.39,12.46,7.29,5.35,3,12.1,2.63,5.7,30.52,6.3,7.11,0.67,13.24,28.74,6.21,2.84,9.83,9.14,5.84,3.53,4.98,20.8,17.23,1.47,3.93,7.45,2.12,3.74,1.75,5.43,6.62,4.13,13.69,0.56,3.82,5.03,3.7,2.8,18.37,5.07,11.4,2.94,3.83,6.21,21.49,3.15,6.37,11.8,0.85,6.56,8.98,0.84,4.97,4.62,15.18,5.61,3.76,1.91,3.46,6.96,19.04,12.8,6.65,12.07,6.65,12.85,15.73,11.91,19.38,5.68,4.73,24.83,11.63,0.81,3.85,10.84,4.02,2.6,14.77,10.68,8.79,3.37,13.18,4.34,4.97,6.65,10.88,14.4,8.38,2.99,3.27,11.06,5.77,15.05,4.73,11.2,21.1,13.04,11.08,2.76,1.88,5.86,4.96,11.71,30.69,13.51,5.36
2002,7.96,11.26,4.78,3.96,17.9,12.47,2.65,19.59,10.78,6.37,4.85,10.04,1.59,6.91,0.69,2.73,3.9,18.11,1.11,9.05,27.55,10.91,10.04,2.49,9.37,10.32,5.94,1.89,21.13,5.8,7.66,13.73,2.92,5.59,10.17,4.24,5.03,6.7,2.87,19.88,14.48,4.65,10.96,6.33,12.54,3.31,3.3,7.02,8.48,28.08,4.27,6.78,25.9,4.15,6.55,4.24,9.81,9.14,4.9,10.01,8.61,5.7,11.15,10.03,3.13,9.54,6.11,10.42,3.87,8.7,17.17,5.04,12.59,8.53,4.55,9.22,6.38,8.71,9.97,2.75,11.39,11.81,7.02,7.28,4.02,5.18,15.05,10.83,5.61,6.38,6.01,4.37,3.55,6.6,4.74,5.53,4.22,12.8,8.85,2.99,12.89,9.21,14.19,15.3,5.39,9.33,3,12.55,1.1,3.05,1.1,8.49,1.8,8.09,2.14,19.65,20.39,8.94,4.33,5.28,8.76,5.6,5.8,33.86,5.55,13.01,2.62,13.83,6.27,11.59,6.8,5.35,4.19,12.23,3,5.84,31.94,7.16,6.9,0.67,13.33,29.13,6.2,2.89,9.82,8.2,5.81,3.48,5.97,21.23,16.93,1.89,3.88,7.58,2.55,4.02,1.54,5.28,7.13,4.2,13.47,0.55,3.79,4.84,3.63,2.73,19.89,5.11,11.94,2.9,4.5,9.39,27.46,3.13,6.75,11.71,0.85,8.11,7.88,0.89,4.98,5.27,15.13,5.65,5.65,1.83,3.39,5.73,19.02,13.8,6.77,12.08,6.77,12.64,17.63,11.15,18.72,5.92,4.97,25.36,10.93,0.83,4.17,10.67,4.05,1.82,14.41,9.75,9.04,3.57,13.23,4.66,4.98,6.77,10.39,14.55,10.36,3.04,3.5,10.14,6.05,16.65,5.78,10.15,20.59,16.17,11.19,2.12,1.92,6.07,5.1,11.84,33.29,14.12,5.06
2003,7.79,11.14,4.75,3.96,16.99,12.39,2.75,15.36,10.59,5.93,4.78,9.17,1.61,7.68,0.74,2.78,4.32,13.73,1.09,10.84,28.36,10.32,10.24,2.54,9.99,11,6.01,1.8,23.8,5.81,7.57,12.93,4.12,5.93,9.77,4.58,5.26,5.93,2.86,19.9,13.22,4.61,10.93,6.56,11.63,2.33,4.14,7.54,9.78,27.96,5.4,6.94,23.72,4.4,6.5,4.46,9.62,9.14,5.66,11.01,8.95,5.58,11.28,11.29,2.94,9.63,5.99,10.47,3.91,8.31,17.07,4.81,11.51,7.56,4.62,9.16,6.37,8.77,9.41,2.81,9.75,11.55,7.13,7.86,5.3,5.17,13.92,12,5.79,6.47,6.09,4.37,3.42,6.66,4.8,5.64,4.48,11.51,8.82,4,13.51,8.87,11.73,14.5,5.25,8.78,2.97,9.92,1.11,3.35,1.3,8.33,1.66,7.99,2.18,19.46,22.18,8.81,4.45,5.27,8.22,5.61,5.89,32.96,5.78,12.87,3.68,12.06,6,11.92,7.95,5.01,5.39,11.92,3.46,5.94,36.69,7.9,7.49,0.66,12.94,29.52,6.8,2.94,9.79,8.25,5.8,3.61,6.16,21.72,16.5,2.32,3.9,7.6,3.59,4.22,1.6,4.75,7.25,4.23,13.67,0.59,3.79,4.15,3.53,2.62,19.37,5.13,11.78,2.91,6.13,6.81,23,3.09,6.84,11.62,0.86,6.95,8.21,0.94,5.1,5.56,15.07,6.69,5.93,1.66,3.42,6.26,19.02,15.2,6.65,12.09,6.65,12.57,16.36,10.31,17.12,6.48,5.55,25.94,10.28,0.84,4.42,10.38,4.08,1.54,14.02,8.99,8.93,3.52,12.87,5.18,5.1,6.65,10.48,14.51,10.54,3.11,3.6,9.06,6.22,16.66,5.99,9.11,20.21,16.78,11.36,2.25,1.74,6.16,5.16,11.97,32.31,14.69,4.75
2004,7.31,10.99,4.73,3.92,16.31,11.35,2.91,13.52,10.34,5.39,5.83,7.99,1.6,7.36,0.77,3.41,4.26,12.04,1.09,10.2,29.37,9.82,10.59,2.5,9.11,9.57,6.02,2.49,21.83,5.72,7.19,12.92,4.32,6.11,10.16,4.49,5.46,5.14,2.85,19.85,12.74,4.57,10.87,6.39,11.14,1.85,4.33,8.21,10.73,27.85,5.2,6.3,17.65,4.39,6.35,4.41,9.29,9.12,5,10.32,9.24,5.37,11.09,10.25,2.69,9.87,5.84,10.36,3.81,8.91,17.01,4.59,12.62,6.59,4.63,9.19,6.25,8.71,10.31,2.97,7.7,11.27,6.97,6.74,5.99,5.07,13.66,13.32,5.83,6.3,5.92,4.27,3.26,7.3,4.72,5.63,4.49,10.3,8.61,4.03,13.03,7.87,12.21,14.58,4.73,8.4,2.94,8.53,1.13,3.42,1.7,7.89,1.51,7.85,2.17,19.51,20.97,8.31,4.42,5.16,8.38,5.51,5.73,32.18,5.6,10.68,5.11,11.71,4.9,10.83,8.17,3.83,6.42,10.76,3.94,5.78,37.16,8.75,7.32,0.67,11.6,30.01,6.82,2.97,9.81,8.34,5.82,3.54,5.7,22.09,16.31,2.75,3.88,6.41,4.65,4.26,1.55,4.01,7.14,4.18,13.3,0.61,3.74,4.7,3.55,2.54,19.07,5.09,10.31,2.86,6.32,6.51,23.21,2.99,6.65,11.7,0.86,7.72,7.76,0.95,5.08,5.82,15.05,7.79,5.84,1.7,3.42,6.05,19.02,18.5,6.35,12.12,6.35,12.2,16.12,9.49,18.6,6.01,6.69,26.52,9.54,0.84,4.41,10.11,4.16,1.51,13.61,8.19,8.42,3.48,11.51,4.01,5.08,6.35,8.33,14.23,10.84,3.16,2.75,8.59,6.01,12.98,5.53,8.19,20.02,15.07,11.05,2.14,1.75,6,5.22,12.1,29.45,15.3,4.39
2005,7.12,11.22,4.73,3.88,15.97,11.2,3.12,11.51,10.2,5.03,5.63,7.26,1.62,8.44,0.82,4,4.25,10.08,1.09,10.2,30.41,9.06,10.91,2.54,9.57,9.08,6.13,3.1,19.81,5.7,6.76,12.04,4.44,6.05,9.34,4.52,5.69,4.4,2.85,19.8,11.06,4.92,10.85,6.57,10.54,1.95,5.3,7.93,11.17,27.72,4.83,6.59,15.27,4.46,6.28,4.45,8.66,8.73,3.78,11.2,9.02,5.26,9.15,8.03,2.5,9.56,5.52,8.38,3.89,8.49,16.91,4.75,13.81,5.62,4.65,9.29,6.21,8.75,9.99,3.05,7,11.02,6.67,5.58,4.91,4.97,12.6,14.42,7.19,6.24,5.85,4.18,3.12,7.94,4.65,5.61,4.34,11.81,8.71,2.55,11.34,7.73,11.26,14.8,4.45,8.13,2.92,8.11,1.13,3.48,1.5,7.65,1.35,8.28,2.19,19.39,18.7,7.86,4.41,5.08,7.67,5.53,5.69,31.31,5.53,8.32,4.49,10.03,4.16,11.01,7.29,2.62,7.2,10.91,3.56,5.74,37.25,9.69,6.92,0.67,11.85,30.31,7.04,3.02,9.79,9.52,5.84,3.53,5.26,22.22,15.85,3.1,3.87,5.37,5.87,4.38,1.46,3.81,6.8,4.18,12.86,0.59,3.75,4.88,3.8,2.41,17.75,5.07,11.35,2.84,7.58,4.82,20.02,2.97,6.35,11.76,0.87,7.17,7.12,0.96,5.06,6.05,14.97,8.9,5.59,1.76,3.55,7.22,19.01,20.85,6.22,12.11,6.22,11.76,16.47,9.38,16.26,6.51,7.49,27.07,8.85,0.87,4.49,9.42,4.22,1.35,13.13,7.5,7.96,3.44,11.79,2.49,5.06,6.22,7.95,12.87,10.64,3.23,1.9,7.18,5.93,12.01,5.08,7.09,19.75,10.66,10.96,2.1,1.73,5.9,5.29,12.21,29.12,15.9,4.54
2006,6.99,11.1,4.65,3.86,15.63,10.43,2.94,10.08,10,4.78,5.24,6.62,1.61,8.25,0.86,3.65,3.59,8.95,1.1,7.54,31.11,8.4,9.39,2.58,8.64,8.73,6.41,3.13,17.78,5.66,6.32,10.09,4,5.74,9.02,4.43,5.92,3.73,3.08,19.86,11.29,5.28,10.8,5.74,9.4,1.91,4.54,7.15,10.25,27.57,3.9,5.65,12.27,4.36,6.01,4.33,8.14,8.09,3.55,10.49,8.31,5.26,8.45,5.91,2.47,8.62,5.4,7.72,3.96,8.45,17.67,5.35,13.57,4.64,4.7,9.3,6.14,8.71,9.01,3.06,7.4,10.7,6.14,4.77,3.57,4.92,11.13,15.69,7.49,5.99,5.62,4.05,2.99,7.55,4.52,5.6,4.41,11.52,8.65,2.83,10.71,6.78,10.32,14,4.19,7.79,2.91,8.27,1.21,3.25,1.3,7.09,1.19,8.68,2.2,19.41,16,7.24,4.31,5.04,6.5,5.35,5.5,30.46,5.29,5.78,4.73,7.03,3.82,9.67,7.38,2.94,9.16,10.16,3.57,5.54,36.03,10.7,6.8,0.68,11.06,25.1,7.13,3.04,9.73,9.04,5.85,3.31,4.8,22.14,15.22,2.65,3.86,5.31,5,3.4,1.39,3.86,6.26,4.15,12.08,0.58,3.7,4.18,4.05,2.36,13.84,5.06,11.01,2.81,7.65,5.28,19.01,2.95,5.93,11.79,0.87,7.27,7.06,0.99,4.96,6.25,14.89,10.03,4.48,1.82,3.67,6.57,19.01,20.85,6.12,12.11,6.12,10.96,16.65,9.19,13.37,5.95,7.07,27.64,8.17,0.91,4.38,8.62,4.23,1.22,12.74,6.61,7.33,3.49,11,1.09,4.96,6.12,6.27,12.51,8.72,3.3,2.29,6.81,5.7,10.84,4.62,6.03,19.23,8.61,10.41,2.09,1.68,5.63,5.42,12.37,28.34,13.24,4.68
2007,6.74,11.3,4.63,3.82,15.97,10.03,2.87,8.47,9.81,4.38,4.86,6.33,1.63,7.46,0.89,3.3,4.13,6.88,1.09,7.88,28.98,7.67,8.51,2.65,8.33,7.41,6.33,3.7,17.2,5.61,6.04,7.8,3.65,5.43,8.43,4.35,6.14,3.06,3.31,20.03,10.25,5.64,10.73,4.49,8.88,1.79,3.92,5.32,8.66,27.44,3.8,5.16,13.79,4.34,5.92,4.28,7.34,7.17,3.14,8.8,7.43,5.25,8.23,4.59,2.43,7.45,5.33,6.85,4.11,7.66,18.28,5.26,13.28,4.84,4.67,9.3,6.06,8.65,8.4,3.11,8.3,10.96,5.61,4.01,3.21,4.89,9.91,16.8,7.41,5.77,5.44,4.05,2.8,8.06,4.61,5.57,4.98,10.77,8.65,2.25,9.38,6.08,9.75,13.1,3.89,7.26,2.89,8.1,1.26,3.01,1.5,6.71,1.1,8.98,2.21,19.38,14,6.8,4.4,5.05,5.97,5.31,5.36,29.62,5.01,4.25,4.07,6.05,3.27,9.56,5.07,3.26,9.87,9.63,3.63,5.39,34.93,11.71,6.47,0.69,10.59,19.4,7.2,3.09,9.88,8.48,5.84,3.23,4.77,22.16,14.83,2.2,3.84,4.89,4.15,2.49,1.33,3.66,5.77,4.18,11.42,0.4,3.68,4.04,3.43,2.24,9.6,5.01,10.93,2.82,7.96,4.71,18.28,3.06,5.52,11.74,0.52,6.41,6,1.01,4.96,5.73,14.82,10.08,3.9,1.88,3.79,6.41,18.9,18.06,5.95,12.11,5.95,10.39,16.23,9.03,11.14,4.82,6.16,28.24,8.42,0.93,4.36,7.52,3.8,1.18,12.37,5.76,6.88,3.34,10.52,1.25,4.96,5.95,5.54,12.36,8.87,3.03,2.73,6.35,5.45,9.4,4.62,4.99,19.06,7.28,10.19,2.03,1.79,5.42,5.36,12.49,26.54,10.59,4.83
2008,6.27,11.09,4.6,3.79,13.06,9.72,2.74,7.84,14.39,4.23,4.13,5.86,1.63,6.98,0.94,3.41,4.57,5.61,1.11,8.18,23.41,7.03,8.18,2.6,7.34,8.12,6.35,3.65,16.64,5.47,6.14,6.6,3.35,5.5,9.29,4.59,6.37,3.41,3.55,19.98,10.49,5.98,10.73,4.78,9.07,1.58,3.65,4.39,7.52,27.31,3.68,4.76,11.33,4.42,5.69,4.36,7.38,7.1,3.92,8.52,7.48,5.17,11.25,5.45,2.41,7.2,5.33,6.37,4.16,7.06,19.09,5.62,17.87,4.99,4.72,9.3,5.89,8.5,7.76,3.31,8.72,11.27,5.86,3.56,3.16,4.84,8.53,16.34,7.82,5.66,5.35,4.1,2.81,7.21,4.67,5.41,6.77,10.63,8.48,2.95,7.7,6.72,10.59,12.7,4,6.63,2.92,8.22,0.82,2.96,1.75,6.36,0.97,7.67,2.23,19.38,12.72,6.45,4.41,5.06,5.22,5.13,5.3,28.76,5.05,5.83,5.06,7.74,3,9.57,3.98,3.58,11.06,9.28,3.87,5.32,33.76,10.49,5.98,0.71,10.37,17.15,5.56,3.13,9.87,7.17,5.86,3.32,5.82,22.19,14.58,1.71,3.82,6.2,3.65,2.55,1.33,4.17,6.1,4.14,10.98,0.42,3.74,4.04,3.72,2.31,7.12,4.95,11.48,2.77,7.55,4.42,22.91,3.1,5.86,11.91,0.31,5.79,6.21,1.02,4.85,5.08,14.8,10.13,3.96,1.89,3.92,5.88,18.92,13.7,5.65,12.15,5.65,10.13,15.63,8.88,9.51,4.37,6.23,27.68,10.94,0.94,4.45,7.29,3.34,1.18,11.98,4.95,6.52,3.32,10.27,1.35,4.85,5.65,4.63,12.44,9.71,2.77,3.15,6.36,5.49,8.03,5.78,4.89,18.79,6.25,10.31,1.93,1.75,5.41,5.58,12.62,22.41,7.93,5.01
2009,6.32,11.31,4.58,3.78,13.67,9.33,2.68,8.65,18.44,5.56,5.3,5.74,1.62,7.91,1,3.56,5,6.82,1.14,14.25,24.07,6.1,8.25,2.97,8.52,10.02,6.47,3.96,16.17,5.49,8.34,8.49,4.12,6.88,11.31,4.72,6.59,3.77,3.79,20,11.29,6.34,10.73,7.71,10.11,1.67,5.36,6.66,7.74,27.22,6.41,5.47,10.16,4.39,5.86,4.44,9.13,8.93,4.61,9.09,9.54,5.24,17.86,13.55,2.38,9.13,5.39,8.25,4.31,8.74,19.76,7.54,20.71,5.22,4.81,9.32,5.9,8.55,9.62,3.51,9.3,11.53,7.94,5.26,3.29,4.88,9.2,15.66,10.03,5.99,5.62,4.14,2.86,6.11,4.71,5.54,12.61,12.11,8.39,7.22,9.53,7.75,11.36,12.9,5.07,6.55,2.88,8.41,0.58,3.36,1.64,7.37,0.85,6.35,2.25,19.37,15.37,7.44,4.48,4.99,5.85,5.18,5.56,28.02,5.47,13.79,5.12,17.51,3.58,8.96,6.4,3.97,11.7,9.41,5.36,5.6,32.18,9.29,6.89,0.71,10.51,19.09,5.86,3.17,9.87,7.26,5.87,3.66,9.15,22.21,13.97,1.27,3.8,8.16,4.35,3.1,1.55,6.12,8.25,4.05,11.48,0.54,3.85,3.98,3.86,2.12,8.17,4.96,15,2.78,9.43,5.46,20.45,3.25,8.01,12.26,0.31,6.86,8.3,1.06,5.01,5.38,13,10.21,5.86,2.02,4.05,7.33,18.94,16.14,5.67,12.18,5.67,10.73,15.2,8.72,12.03,5.86,8.35,27.05,8.14,0.96,4.41,8.94,2.88,0.95,11.5,4,7.51,3.31,10.43,1.67,5.01,5.67,5.28,13.29,12.55,2.5,3.6,8.84,5.99,7.74,9.25,5,18.96,6.1,11.58,1.74,1.81,6.01,5.83,12.75,23.52,10.56,5.08
2010,6.87,11.35,4.55,9.43,14.09,9.4,2.48,7.71,19.01,5.21,4.82,5.63,1.61,8.29,1.04,3.64,3.38,10.28,1.13,14.31,27.31,6.25,8.24,2.61,7.27,10.69,6.77,3.32,17.86,5.67,8.06,9.9,4.8,7.24,8.42,4.53,6.84,4.11,4.01,20.07,10.98,6.69,10.67,7.17,10.31,2.5,6.26,7.28,6.97,27.06,7.75,5.21,9.96,4.15,5.69,4.21,8.51,9.02,4.09,8.76,10.07,5.49,19.86,16.71,2.34,9.8,5.45,8.39,4.31,8.87,20.39,7.79,20.2,5.38,4.77,9.36,6.08,8.82,12.71,3.5,8.2,11.8,8.19,4.33,4.12,5.08,11.62,15.38,11.17,5.78,5.44,4.09,2.93,5.61,4.61,5.55,14.53,13.68,8.25,7.56,8.48,8.36,12.37,12.5,5.1,5.77,2.84,8.64,0.77,3.32,1.82,6.7,0.71,6.84,2.27,19.27,17.11,6.8,4.51,5.17,4.78,5.07,5.37,27.08,5.15,17.81,4.36,19.48,2.84,9.09,7.45,4.28,11.29,9.55,5.3,5.38,32.02,8.07,6.85,0.72,10.78,19.65,6.55,3.22,9.86,7.65,5.89,3.39,9.46,22.12,13.81,0.78,3.78,7.83,4.99,3.52,1.82,6.56,8.42,3.99,11.6,0.65,3.72,3.58,3.61,2,9.64,5.35,16.1,2.71,10.77,4.57,21.42,3.11,8.29,12.2,0.45,6.96,7.37,1.08,4.84,5.55,15.2,10.26,4.12,1.58,4.17,4.89,18.96,19.22,6,12.18,6,10.86,14.6,7.15,14.38,7.24,8.61,26.41,8.61,0.96,4.17,8.56,2.43,0.62,10.89,4,6.83,3.3,10.68,1.74,4.84,6,4.03,13.05,10.66,2.99,3.59,8.1,5.67,7.16,9.63,5.4,19.05,7.11,11.73,1.11,1.85,5.9,5.73,12.83,24.68,13.19,5.21
2011,6.75,11.05,4.55,7.36,13.48,10.48,2.3,7.18,18.44,5.08,4.56,5.42,1.6,7.14,2.65,3.79,3.77,11.26,1.18,14.52,27.58,6.17,8.28,2.25,6.92,11.19,6.94,3.23,18.42,5.61,7.51,9.79,4.4,7.47,7.34,4.55,7.13,3.96,4.25,20.18,10.11,7.05,10.88,10.14,10.49,3.18,7.86,6.71,5.82,26.89,7.77,6.09,9.96,4.1,5.59,4.12,7.83,8.76,3.46,11.85,10.11,5.52,21.39,12.33,2.31,9.84,5.47,7.78,4.41,8.81,20.43,8.04,19.63,5.6,4.79,9.51,5.98,8.73,17.86,3.09,13.3,12.06,7.86,3.42,4.47,5.05,13.68,14.53,11.03,5.66,5.35,4.14,2.96,5.15,4.67,5.43,15.35,12.49,8.12,7.03,7.14,8.36,12.7,12.9,4.55,5.39,2.84,8.53,0.58,2.99,2.04,6.41,0.73,7.39,2.22,19.39,18.86,6.48,4.51,5.09,4.12,5.03,5.28,26.24,5.06,15.39,4.9,16.21,2.56,8.91,6.68,2.44,10.47,10.05,5.17,5.29,31.38,6.9,6.38,0.77,11.51,19.67,4.77,3.26,9.86,7.45,5.92,3.05,8.79,19.46,14.07,0.32,3.77,6.5,4.98,3.21,2.03,6.49,8.03,3.87,11.06,0.8,2.38,3.48,3.59,2.62,9.63,5.27,15.7,2.78,12.68,4.67,17.6,3.05,8,12.29,0.56,7.18,6.54,1.1,4.79,5.77,17.44,10.36,3.89,1.3,4.29,4.3,18.98,22.97,5.93,12.2,5.93,10.5,14.11,7.54,13.62,8.17,7.8,25.81,8.7,1,4.12,8.02,1.98,0.66,10.24,4.09,6.5,3.55,11.46,1.79,4.79,5.93,3.43,18.33,8.8,3.47,3.51,7.85,5.54,6.31,8.95,5,18.99,6.9,12.08,1,1.81,5.77,5.68,13.23,24.64,10.55,5.37
2012,6.56,11.34,4.64,7.35,13.38,10.66,2.18,7.22,17.3,5.22,4.87,5.19,1.59,7.54,2.47,3.91,4.12,12.27,1.2,14.02,28.01,6.05,8.31,2.07,7.19,11.59,6.92,2.05,18.95,5.55,7.29,9.98,4.48,8.26,6.66,4.57,7.22,3.82,4.49,20.18,9.74,7.41,11.12,9.78,11.12,3.46,11.8,6.98,5.38,26.78,7.8,6.72,10.97,4.03,5.56,4.04,7.22,8.96,3.23,12.6,11.29,5.53,24.79,10.02,2.29,10.81,5.49,7.69,4.42,9.4,20.49,7.88,19.65,5.91,4.82,9.42,5.87,8.61,24.44,2.76,12.2,12.34,7.9,3.29,3.75,4.93,15.93,14.1,11,5.59,5.31,4.23,3.29,4.47,4.66,5.41,15.45,12.27,7.96,6,6.86,10.65,13.93,12.2,4.36,5.29,2.83,8.43,0.51,2.81,2.32,6.38,0.74,7.85,2.17,19.03,19.06,6.41,4.51,5.02,3.88,5.02,5.24,25.37,5.01,13.36,5.14,15.05,1.97,8.99,5.58,0.6,9.47,10.17,4.89,5.26,31.02,6.65,6.2,0.75,11.75,19.97,3.9,3.3,9.86,7.47,5.95,3.1,7.98,16.77,14.35,2.18,3.74,5.21,5.82,3.12,2.33,6.93,8.01,3.68,10.73,1.85,2.39,3.24,3.5,2.54,10.09,5.19,14.5,2.81,15.53,4.09,19.2,3.15,8.06,12.21,0.48,6.79,5.44,1.12,4.91,5.52,17.45,9.44,3.72,1.05,4.4,3.84,18.97,24,5.85,12.2,5.85,10.39,13.59,8.1,13.96,8.84,7.98,25.15,8.81,1.01,4.05,7.53,2.03,0.58,9.58,4.09,6.42,3.76,11.68,2.07,4.91,5.85,3.72,17.63,8.15,3.23,3.55,7.53,5.48,6.45,8.07,4.9,18.97,6.6,12.23,1.03,1.85,5.74,8.75,13.17,24.73,7.85,5.15
2013,6.45,11.19,4.41,7.37,15.87,10.74,2.04,7.1,16.18,5.66,5.33,4.97,1.58,8.43,2.29,4.05,4.43,12.94,1.18,16.18,27.49,6.01,8.35,2.44,6.98,11.55,6.88,2.87,19.4,5.52,7.07,10.05,4.75,8.83,6.21,4.59,4.25,3.67,4.48,20.32,9.05,7.76,11.35,8.77,11.66,3.29,15.87,6.95,5.23,26.64,7.38,7.35,9.82,4.04,5.64,4.03,7.23,9.2,3.08,13.15,11.93,5.58,26.09,8.63,2.25,11.33,5.52,8.19,4.33,9.92,20.52,7.52,19.42,6.2,4.87,9.45,5.81,8.51,27.47,3.02,11.5,12.63,7.81,3.4,5.65,4.77,17.25,14,10.18,5.58,5.32,4.3,3.65,4.34,4.6,5.42,13.73,10.6,9.26,5.38,6.21,12.15,15.25,12.6,4,5.2,2.81,8.33,0.44,2.75,2.62,6.29,0.75,8.31,2.12,19.45,22.21,6.36,4.49,4.92,4.24,5.04,5.24,24.58,4.99,11.77,5.85,11.87,1.82,9.23,5.1,1,8.73,9.92,4.91,5.27,29,6.35,6.11,0.75,11.48,19.5,4.23,3.34,9.96,7.32,5.95,3.16,7.34,19.03,14.47,1.37,3.7,5.28,7.24,3.42,2.55,5.84,7.92,3.62,10.87,2.95,2.29,3.57,3.5,2.55,10.33,5.05,14.3,2.8,16.18,4.38,19.89,2.95,7.96,12.17,0.28,7.1,5.46,1.15,5.07,5.57,17.41,8.58,3.86,0.69,4.51,3.69,18.95,22.15,5.71,12.13,5.71,10.6,13.65,6.6,14.22,10.1,8.05,24.55,8.83,1.03,4.06,7.59,2.09,0.25,8.91,4.11,6.37,4.02,11.4,2.24,5.07,5.71,2.68,15.93,8.73,2.93,1.91,7.17,5.49,6.44,7.37,4.9,18.99,7.54,12.76,1.32,1.86,5.73,8.67,13.27,24.56,8.61,4.98
2014,6.41,11.14,4.69,7.37,18.05,10.87,1.91,7.27,17.5,6.08,5.62,4.91,1.57,8.52,2.13,4.19,4.38,11.42,1.19,13.8,27.52,5.99,8.24,2.02,6.66,12.17,6.97,2.63,19.99,5.53,6.91,8.95,4.83,8.61,6.66,4.61,3.7,3.53,4.46,20.31,8.57,8.14,11.57,9.06,10.85,2.7,16.09,6.11,4.98,26.48,6.93,6.72,10.21,4.03,5.58,4.01,7.47,8.96,3.48,13.1,11.6,5.67,24.44,7.35,2.26,10.85,5.81,8.66,4.29,10.29,20.57,6.11,17.44,6.52,4.9,9.5,5.8,8.48,26.49,2.72,7.6,12.92,7.21,3.3,7.08,4.7,17.29,13.95,7.73,5.58,5.3,4.24,3.51,4.05,4.57,5.44,11.86,10.68,10.59,4.9,5.89,12.68,13.74,11.9,3.6,5.06,2.8,8.05,0.69,3.08,2.9,6.08,0.76,8.81,2.08,19.46,21.3,6.15,4.46,4.94,4.19,5.02,5.23,24.22,4.92,10.7,5.85,10.85,1.7,9.7,3.73,1.39,7.87,10.04,4.81,5.26,28.03,6.38,5.72,0.75,11.67,18,4.8,3.38,10.05,7.47,5.9,2.88,6.25,18.52,14.59,0.52,4.56,4.52,7.42,3.48,2.94,5.43,7.41,3.54,10.66,1.83,2.71,3.21,3.6,2.38,8.99,5.18,13.9,2.74,13.89,5.03,20.53,2.91,7.44,12.2,0.2,6.8,5.16,1.17,4.97,5.72,17.43,7.65,3.74,0.73,4.68,4.15,18.93,19.22,5.79,12.19,5.79,10.29,13.7,6.94,13.18,9.67,7.95,23.97,8.72,1.05,4.05,7.66,2.14,0.58,8.23,4.14,6.18,4.21,11.58,2.37,4.97,5.79,2.48,15.06,9.88,2.12,1.91,9.27,5.49,6.55,6.17,5.1,19.05,6.86,12.79,1.26,1.81,5.6,8.72,13.47,24.89,9.36,4.77
2015,6.49,11.13,4.63,7.39,17.19,10.97,1.77,7.52,18.26,6.05,5.72,4.96,1.6,8.48,2.01,4.32,4.37,9.14,1.2,12,27.69,5.84,7.58,3.11,8.43,9.8,7.78,2.45,20.57,5.61,6.91,7.82,4.8,8.22,6.51,4.63,3.15,3.55,4.47,20.45,8.3,8.14,11.8,9,10.55,2.4,14.91,5.05,4.62,26.33,6.28,7.61,11.21,4.1,5.73,4.07,7.59,8.56,3.62,13.05,10.84,5.83,22.06,6.19,2.27,10.03,5.78,9.38,4.3,10.35,20.61,5.3,16.51,6.81,4.92,9.47,5.87,8.54,24.9,2.51,6.9,13.21,6.63,3.31,6.15,4.77,16.18,13.96,6.81,5.71,5.44,4.43,4.07,4.51,4.6,5.43,9.91,11.17,10.73,3.98,5.25,11.9,13.51,13.08,3.4,4.93,2.78,7.56,0.39,3.55,2.2,6.66,0.78,9.32,2.08,19.53,20.56,6.63,4.52,5.04,4.52,5.17,5.39,23.84,5.08,9.12,6.67,9.87,1.81,9.46,4.7,1.79,6.93,10.18,4.31,5.42,26.07,7.73,5.38,0.77,11.93,17.54,4.86,3.43,10.14,7.41,5.86,3.1,5.46,20.91,14.73,0.53,4.31,4.7,6.87,4.3,3.1,5.41,6.85,3.39,10.61,3.57,2.98,3.27,3.07,2.48,7.5,5.19,12,2.74,12.44,4.56,23,2.88,6.87,12.17,0.17,6.81,5.57,1.15,5.14,5.59,17.49,6.76,3.79,0.73,4.74,4,18.9,17.66,5.82,12.27,5.82,10.2,13.82,7.22,11.48,8.96,7.43,23.33,8.71,1.07,4.12,7.63,2.2,0.6,7.55,4.14,6.68,4.45,11.82,2.55,5.14,5.82,2.43,15.16,10.24,2.14,1.91,9.14,5.66,7.49,5.28,5.2,19.09,6.08,12.62,1.85,1.86,5.62,8.5,13.77,25.15,10.13,4.78
2016,6.61,11.16,5.57,7.41,15.42,10.76,1.64,8.11,17.62,5.71,6.01,5,1.59,7.83,1.83,4.43,4.35,7.57,1.19,12.7,25.41,5.84,7,3.5,11.6,8.25,8.38,2.49,21.03,5.65,7,6.49,4.92,7.74,6.74,4.53,2.6,3.58,4.48,20.56,8.69,8.1,12.01,8.6,10.61,2,12.95,3.95,4.12,26.19,5.99,7.28,10.2,4.02,5.75,3.98,7.6,8.08,4.6,12.41,10.01,5.9,19.63,6.76,2.29,9.12,6.3,8.82,4.32,10.05,20.67,4.81,16.6,5.53,4.88,9.5,5.95,8.63,23.54,2.58,5.4,13.46,6.15,3.39,6.73,4.71,13.1,13.93,5.11,5.82,5.58,4.7,5.01,4.3,4.56,5.42,8.37,12.62,10.82,2.98,4.8,11.69,13.19,15.28,3.1,4.96,2.76,7.21,0.72,3.65,2.16,7.89,0.79,9.78,3.08,19.53,19.65,7.72,4.55,5.07,4.24,5.26,5.55,23.48,5.24,7.86,6.29,9.64,1.94,9.3,4.02,1.8,6.12,10.24,3.86,5.59,23.72,7.57,4.69,1.18,12.05,17.72,7.24,3.45,10.26,6.81,5.82,3.44,5.1,23.35,14.69,0.53,7.06,3.9,6.01,4.68,2.87,5.15,6.43,3.27,10.61,3.78,3.26,3.74,2.7,2.48,6.16,5.68,11.8,2.76,11.07,5.25,23.94,2.83,6.4,12.18,0.15,5.9,5.56,1.14,5.15,5.65,17.52,4.46,4.08,0.7,4.66,4.42,18.89,15.26,6.24,12.3,6.24,10.21,13.89,7.92,9.67,8,6.99,22.72,8.73,1.1,4.04,7.45,2.97,0.69,6.9,4.17,7.8,4.66,11.93,2.57,5.15,6.24,3.21,15.56,10.84,2.16,1.92,9.35,5.9,7.84,4.87,5.2,19.11,5.32,12.68,1.85,1.78,5.66,8.31,13.43,26.54,10.87,4.79
2017,6.71,11.18,6.02,7.41,13.62,10.9,2.46,8.35,17.7,5.59,5.5,5,1.59,7.09,1.64,4.56,4.37,6.16,1.18,9.8,20.53,5.65,6.6,3.65,12.82,8.62,9.32,2.45,21.57,5.65,6.34,5.3,4.8,7.14,6.96,4.44,3.27,3.6,4.47,20.56,8.87,8.09,12.24,8.14,9.76,1.7,11.05,2.89,3.75,26.06,5.83,5.83,10.33,3.91,5.65,3.86,7.38,7.48,3.84,11.74,9.05,5.94,17.22,5.76,2.3,8.14,6.64,8.64,4.28,9.41,20.72,4.33,13.94,4.22,4.91,9.48,5.99,8.65,21.49,2.46,5.43,13.75,5.59,3.13,5.53,4.66,11.21,13.88,4.16,5.76,5.57,4.88,5.61,3.88,4.56,5.36,6.71,12.23,13.02,2.74,4.22,11.21,11.63,18.14,2.8,4.9,3.51,6.89,0.14,3.65,2.2,8.18,0.81,10.27,3.05,19.37,18.86,7.99,4.59,5.09,4.05,5.25,5.55,23.2,5.23,7.07,5.52,8.72,1.99,9.24,4.1,1.82,5.87,10.26,3.42,5.6,22.38,7.41,4,1.56,12.07,16.07,6.36,3.45,10.34,6.75,5.76,3.41,4.58,21.64,14.78,0.54,8.39,3.3,4.84,4.16,3.32,4.74,5.9,2.57,10.28,3.92,3.86,3.69,2.55,2.51,4.89,6.06,10.8,2.7,8.87,4.61,25.68,2.82,5.84,12.21,0.14,4.93,5.21,1.14,5.12,5.89,17.53,3.69,4.2,0.71,4.66,4.39,18.88,13.48,6.47,12.25,6.47,9.8,13.97,7.9,8.13,6.56,6.72,22.75,8.75,1.12,3.93,7.09,3.74,0.83,6.95,4.2,8.09,4.76,11.93,2.82,5.12,6.47,3.28,15.33,10.82,2.18,1.93,9.5,5.93,7.89,4.36,5.8,19.18,5.05,12.32,1.87,1.75,5.56,8.58,13.3,27.04,11.63,4.78
2018,6.73,11.15,6.04,7.42,12.3,10.5,2.35,9.22,18.97,5.3,4.85,4.9,1.59,5.95,1.47,4.69,4.41,5.21,1.2,10,18.4,4.76,6.64,3.52,12.33,8.32,8.7,2.44,22.07,5.61,5.83,4.32,4.71,6.57,7.23,4.28,3.29,3.62,4.45,20.61,9.11,8.08,12.17,9.63,8.71,1.7,8.37,2.24,3.38,26.19,5.13,5.86,10.42,3.79,5.64,3.73,7.08,6.9,3.53,9.82,8.17,5.95,15.25,5.37,2.32,7.27,6.55,7.36,4.33,9.02,20.75,4,12.67,4.28,4.98,9.48,5.98,8.62,19.29,2.28,5.56,14.02,5.07,2.82,5.65,4.69,8.43,13.86,3.71,5.63,5.47,4.92,5.79,4.4,4.54,5.33,5.74,12.19,12.97,2.7,4,10.61,9.1,18.27,2.4,4.85,4.25,6.89,0.14,3.82,2.16,8.05,0.83,10.8,3.03,19.45,19.08,7.87,4.55,5.09,4.32,5.21,5.46,22.81,5.01,6.15,5.59,7.41,1.83,9.27,4.11,1.84,5.62,9.88,3.28,5.5,20.74,7.43,3.66,0.87,11.62,15.17,5.38,3.46,10.39,6.43,5.76,3.3,4.11,19.88,14.85,0.55,8.46,5.2,3.83,3.8,3.19,4.33,5.46,1.8,9.92,4.08,3.83,3.49,2.34,2.56,3.85,6.13,9.2,2.63,6.99,6.22,26.26,2.85,5.29,12.25,0.11,4.19,4.85,1.11,5.12,6.04,17.58,3.28,3.64,0.72,4.66,4.01,18.85,12.73,6.48,12.24,6.48,9.34,14.06,7.93,6.54,5.11,6.36,22.79,8.76,1.13,3.81,6.69,3.73,0.77,7.01,4.23,7.98,4.73,11.46,3.07,5.12,6.48,3.34,15.46,10.89,2.21,1.92,8.8,5.77,8.34,3.9,5.84,19.18,5.02,12.43,1.16,1.81,5.39,8.69,13.15,26.91,12.01,4.8
2019,6.91,11.22,6.06,7.42,11.47,10.01,2.23,9.84,18.3,5.16,4.49,4.85,1.59,5.36,1.47,4.69,4.44,4.23,1.2,10.06,15.69,4.16,6.71,3.82,11.93,8.41,6.92,2.5,22.61,5.62,5.66,3.78,4.39,6.41,7.29,4.52,3.32,3.64,4.45,20.62,9.96,8.08,12.22,11.49,8.02,1.74,7.07,2.01,3.14,26.36,5.02,6.36,10.51,3.9,5.53,3.82,7.26,6.67,3.81,7.84,7.53,5.99,14.1,4.45,2.33,6.69,6.52,6.69,4.45,8.41,20.74,3.74,11.57,4.32,5.02,9.5,6.04,8.68,17.31,2.19,5.51,13.99,4.77,2.93,5.7,4.71,6.62,13.91,3.42,5.66,5.49,4.89,5.71,3.62,4.53,5.27,4.95,10.74,12.86,3.51,3.8,9.95,7.69,16.81,2.4,4.8,5.01,6.92,0.15,3.75,2.17,8.09,0.85,11.35,3.02,19.66,15.32,7.93,4.55,5.11,4.35,5.03,5.49,22.44,5.15,6.26,5.59,6.31,1.75,9.28,5.1,1.86,5.34,9.15,3.48,5.53,17.26,7.44,3.62,0.5,10.77,15.12,5.44,3.47,10.39,6.33,5.75,3.26,3.89,19.99,14.91,0.55,8.53,5.21,3.38,3.69,3.1,4.11,5.4,1.85,9.79,3.54,4.73,3.38,2.24,2.45,3.28,6.2,8.3,2.59,6.46,6.59,25.34,2.88,4.95,12.3,0.1,3.91,4.5,1.1,5.02,5.67,17.65,2.86,3.1,0.75,4.65,4.17,18.83,10.39,6.61,12.23,6.61,9.11,14.14,8.04,5.75,4.45,6.83,22.84,8.77,1.12,3.91,6.78,3.72,0.72,7.06,4.27,8.04,4.51,10.6,3.06,5.02,6.61,3.42,15.13,13.67,2.22,1.92,8.19,6,8.88,3.67,5.85,19.28,5.1,12.47,2.04,1.8,5.36,8.41,13.06,28.47,12.52,4.83
2020,7.56,11.71,6.77,8.33,13.33,11.49,3.19,11.46,21.21,6.46,5.36,6.46,1.71,5.55,1.58,4.89,5.41,5.12,1.78,13.32,15.27,4.77,8.46,7.9,13.69,10.38,7.68,3.65,24.93,6.36,9.46,4.37,4.82,7.69,11.18,5,3.49,3.84,5.27,22.84,15.04,9.22,15.31,17.41,9.83,2.62,7.59,2.55,3.81,28.39,5.64,6.13,12.55,4.39,7.12,4.32,7.94,7.18,6.11,9.17,7.83,7.86,15.53,6.8,3.24,7.05,7.4,7.76,4.72,8.01,21.97,4.47,18.5,4.65,6.1,11.08,6.74,9.9,16.3,3.55,6.8,16.43,6.49,5.83,8.37,5.43,7.51,15.45,4.25,6.88,6.61,5.7,6.59,4.28,5.31,8,5.62,12.17,14.09,5.48,4.33,9.16,9.48,19.03,2.8,4.89,5.73,8.71,0.33,3.93,3.54,10.16,1.03,13.3,3.98,20.07,16.89,10.06,5.32,5.83,5.88,6.58,6.59,24.56,5.89,8.49,6.77,8.1,2.57,11.45,3.82,2.47,6.33,10.54,4.45,6.67,17.2,7.7,4.26,1.06,12.24,17.9,7.01,3.81,11.27,7.41,6.7,4.5,8.21,21.45,16.43,0.62,9.71,6.08,3.82,4.42,4.72,4.59,7.1,2.94,11.01,4.3,12.85,7.18,2.52,2.6,3.16,6.94,8.89,2.92,6.79,7.55,25.89,3.13,6.7,14.1,0.21,5.03,5.59,1.49,7.24,7.45,19.65,3.62,4.1,0.92,5.2,6.25,19.72,9.01,7.28,14.03,7.28,10.39,15.75,9.78,6.69,4.97,8.29,25.51,10.26,1.74,4.41,7.4,3.94,1.1,7.58,4.95,10.2,4.91,12.09,3.63,7.24,7.28,4.57,16.59,13.11,2.53,2.77,9.13,6.76,10.35,8.05,7.04,21,6.63,13.55,2.39,2.12,6.57,9.15,13.39,29.22,12.85,5.35
2021,8.11,13.28,6.84,8.53,11.82,11.63,3.36,10.9,20.9,5.11,6.3,6.58,1.79,6.42,1.57,4.76,5.23,5.42,1.87,13.24,15.22,4.74,8.22,8.51,14.4,10.41,7.65,4.33,24.72,6.57,7.51,4.5,5.32,7.37,9.13,4.82,3.47,3.87,5.43,23.01,14.34,9.45,15.42,17.95,9.76,2.76,6.13,2.89,3.54,28.39,4.8,8.5,12.7,4.29,6.49,4.2,7.76,7.12,6.43,9.33,7.76,8.05,14.73,6.33,3.69,7.04,7.64,7.53,5.24,8.06,22.26,4.53,10.66,4.7,6.34,11.21,6.76,9.24,14.8,3.57,6.98,16.42,5.67,5.32,8.51,5.66,8.68,15.73,4.12,6.44,6.31,5.87,6.65,4.41,5.53,5.98,6.63,11.46,14.19,5.4,5.05,9.83,9.18,19.25,2.8,4.9,5.74,9.1,0.61,3.53,3.71,10.12,1.26,14.49,4.09,19.58,16.91,9.96,5.55,6.06,5.39,5.86,6.29,24.6,5.79,7.9,5.23,7.6,3.01,11.47,3.96,2.59,6.08,10.53,4.38,6.32,16.2,7.72,3.5,2.17,12.19,18.49,7.08,3.98,11.46,7.41,7.02,4.61,5.7,21.68,16.57,0.75,9.79,5.96,4.01,4.99,5.05,4.12,6.33,3.12,10.98,4.35,12.09,4.83,2.41,2.75,3.37,7.07,8.27,2.59,6.65,7.21,24.9,3.42,5.81,14.39,0.26,5.17,5.01,1.61,5.79,7.36,19.81,3.72,3.62,1.03,5.33,5.94,19.86,11.81,7.66,13.91,7.66,10.37,15.91,10.06,6.74,4.42,8.66,25.76,10.57,1.88,4.32,7.27,4,1.42,7.75,5.08,10.09,5.07,12.05,3.97,5.79,7.66,4.8,16.82,13.39,2.65,2.94,8.88,6.76,10.45,5.46,7.16,21.62,6.41,13.27,2.17,2.18,6.18,9.84,13.57,33.56,13.03,5.17
